<?xml version="1.0" encoding="UTF-8"?>
<root>
  <item name="com.meng.patternlockview.PatternLockView int getAspectRatio()">
    <annotation name="android.support.annotation.IntDef">
      <val name="value" val="{com.meng.patternlockview.PatternLockView.AspectRatio.ASPECT_RATIO_SQUARE, com.meng.patternlockview.PatternLockView.AspectRatio.ASPECT_RATIO_WIDTH_BIAS, com.meng.patternlockview.PatternLockView.AspectRatio.ASPECT_RATIO_HEIGHT_BIAS}" />
    </annotation>
  </item>
  <item name="com.meng.patternlockview.PatternLockView int getPatternViewMode()">
    <annotation name="android.support.annotation.IntDef">
      <val name="value" val="{com.meng.patternlockview.PatternLockView.PatternViewMode.CORRECT, com.meng.patternlockview.PatternLockView.PatternViewMode.AUTO_DRAW, com.meng.patternlockview.PatternLockView.PatternViewMode.WRONG}" />
    </annotation>
  </item>
  <item name="com.meng.patternlockview.PatternLockView void setAspectRatio(int) 0">
    <annotation name="android.support.annotation.IntDef">
      <val name="value" val="{com.meng.patternlockview.PatternLockView.AspectRatio.ASPECT_RATIO_SQUARE, com.meng.patternlockview.PatternLockView.AspectRatio.ASPECT_RATIO_WIDTH_BIAS, com.meng.patternlockview.PatternLockView.AspectRatio.ASPECT_RATIO_HEIGHT_BIAS}" />
    </annotation>
  </item>
  <item name="com.meng.patternlockview.PatternLockView void setPattern(int, java.util.List&lt;com.meng.patternlockview.PatternLockView.Dot&gt;) 0">
    <annotation name="android.support.annotation.IntDef">
      <val name="value" val="{com.meng.patternlockview.PatternLockView.PatternViewMode.CORRECT, com.meng.patternlockview.PatternLockView.PatternViewMode.AUTO_DRAW, com.meng.patternlockview.PatternLockView.PatternViewMode.WRONG}" />
    </annotation>
  </item>
  <item name="com.meng.patternlockview.PatternLockView void setViewMode(int) 0">
    <annotation name="android.support.annotation.IntDef">
      <val name="value" val="{com.meng.patternlockview.PatternLockView.PatternViewMode.CORRECT, com.meng.patternlockview.PatternLockView.PatternViewMode.AUTO_DRAW, com.meng.patternlockview.PatternLockView.PatternViewMode.WRONG}" />
    </annotation>
  </item>
  <item name="com.meng.patternlockview.PatternLockView.AspectRatio">
    <annotation name="android.support.annotation.IntDef">
      <val name="value" val="{com.meng.patternlockview.PatternLockView.AspectRatio.ASPECT_RATIO_SQUARE, com.meng.patternlockview.PatternLockView.AspectRatio.ASPECT_RATIO_WIDTH_BIAS, com.meng.patternlockview.PatternLockView.AspectRatio.ASPECT_RATIO_HEIGHT_BIAS}" />
    </annotation>
  </item>
  <item name="com.meng.patternlockview.PatternLockView.PatternViewMode">
    <annotation name="android.support.annotation.IntDef">
      <val name="value" val="{com.meng.patternlockview.PatternLockView.PatternViewMode.CORRECT, com.meng.patternlockview.PatternLockView.PatternViewMode.AUTO_DRAW, com.meng.patternlockview.PatternLockView.PatternViewMode.WRONG}" />
    </annotation>
  </item>
</root>

